[Header],,,,,,,,,,,,,,,,,,,,,,,
Pipeline,ctg-rnaseq,,,,
PipelineVersion,2.1.5,,,,,,,,,,,,,,,,,,,,,,
PipelineProfile,rnaseq_total,,,,,,,,,,,,,,,,,,,,,,
RunFolder,,,,,,,,,,,,,,,,,,,,,,,
ProjectId,2021_145,,,,,,,,,,,,,,,,,,,,,,
PoolName,CTGpool_0174,,,,,,,,,,,,,,,,,,,,,,
Instrument Type,NovaSeq1.5,,,,,,,,,,,,,,,,,,,,,,
FlowCell,"NovaSeq 6000 S1 Reagent Kit, 100 cycles v1.5 (20028319)",,,,,,,,,,,,,,,,,,,,,,
SharedFlowCell,false,,,,,,,,,,,,,,,,,,,,,,
LaneDivider,false,,,,,,,,,,,,,,,,,,,,,,
Species,multiple,,,,,,,,,,,,,,,,,,,,,,
Assay,SMARTer Stranded Total RNA-Seq Kit v2 Pico Input Mammalian,,,,,,,,,,,,,,,,,,,,,,
Index Adapters,SMARTer RNA Unique Dual Index Kit -96U Set A,,,,,,,,,,,,,,,,,,,,,,
Strandness,reverse,,,,,,,,,,,,,,,,,,,,,,
Paired,false,,,,,,,,,,,,,,,,,,,,,,
IEMFileVersion,5,,,,,,,,,,,,,,,,,,,,,,
Experiment Name,NovaSeq_XP,,,,,,,,,,,,,,,,,,,,,,
Date,,,,,,,,,,,,,,,,,,,,,,,
Workflow,GenerateFASTQ,,,,,,,,,,,,,,,,,,,,,,
Application,NovaSeq FASTQ Only,,,,,,,,,,,,,,,,,,,,,,
Chemistry,Amplicon,,,,,,,,,,,,,,,,,,,,,,
,,,,,,,,,,,,,,,,,,,,,,,
[Reads],,,,,,,,,,,,,,,,,,,,,,,
101,,,,,,,,,,,,,,,,,,,,,,,
,,,,,,,,,,,,,,,,,,,,,,,
,,,,,,,,,,,,,,,,,,,,,,,
[Settings],,,,,,,,,,,,,,,,,,,,,,,
Adapter,AGATCGGAAGAGCACACGTCTGAACTCCAGTCA,,,,,,,,,,,,,,,,,,,,,,
AdapterRead2,AGATCGGAAGAGCGTCGTGTAGGGAAAGAGTGT,,,,,,,,,,,,,,,,,,,,,,
Read1StartFromCycle,1,,,,,,,,,,,,,,,,,,,,,,
Read2StartFromCycle,4,,,,,,,,,,,,,,,,,,,,,,
,,,,,,,,,,,,,,,,,,,,,,,
[Data],,,,,,,,,,,,,,,,,,,,,,,
Lane, Sample_ID,Sample_Name,Sample_Project,Sample_Pool,Species,RIN,concentration,sample_order,pipeline_pofile,Assay,Index_Adapters,Strandness,Read1StartFromCycle,Read2StartFromCycle,Adapter,AdapterRead2,Paired,Read_1_cycles,Read_2_cycles,Index_Plate_Well,I7_Index_ID,index,I5_Index_ID,index2
1,LUIN_ÅÅÅö 03,LUIN_XXX,2021_145,CTGpool_0174,Other,NA,,1,rnaseq_total,SMARTer Stranded Total RNA-Seq Kit v2 Pico Input Mammalian,SMARTer RNA Unique Dual Index Kit -96U Set A,reverse,1,4,AGATCGGAAGAGCACACGTCTGAACTCCAGTCA,AGATCGGAAGAGCGTCGTGTAGGGAAAGAGTGT,false,101,,F11,U086,GAACCGCG,U086,TAAGGTCA
1,LUIN_06,LUIN_06,2021_145,CTGpool_0174,Other,NA,,2,rnaseq_total,SMARTer Stranded Total RNA-Seq Kit v2 Pico Input Mammalian,SMARTer RNA Unique Dual Index Kit -96U Set A,reverse,1,4,AGATCGGAAGAGCACACGTCTGAACTCCAGTCA,AGATCGGAAGAGCGTCGTGTAGGGAAAGAGTGT,false,101,,G11,U087,CTCACCAA,U087,TTGCCTAG
1,LUIN_##14,LUIN_14,2021_145,CTGpool_0174,Other,NA,,3,rnaseq_total,SMARTer Stranded Total RNA-Seq Kit v2 Pico Input Mammalian,SMARTer RNA Unique Dual Index Kit -96U Set A,reverse,1,4,AGATCGGAAGAGCACACGTCTGAACTCCAGTCA,AGATCGGAAGAGCGTCGTGTAGGGAAAGAGTGT,false,101,,H11,U088,TCTGTTGG,U088,CCATTCGA
1,LUIN_29,LUIN_26,2021_145,CTGpool_0174,Other,NA,,4,rnaseq_total,SMARTer Stranded Total RNA-Seq Kit v2 Pico Input Mammalian,SMARTer RNA Unique Dual Index Kit -96U Set A,reverse,1,4,AGATCGGAAGAGCACACGTCTGAACTCCAGTCA,AGATCGGAAGAGCGTCGTGTAGGGAAAGAGTGT,false,101,,A12,U089,TATCGCAC,U089,ACACTAAG
1,LUIN_292,LUIN_29,2021_145,CTGpool_0174,Other,NA,,5,rnaseq_total,SMARTer Stranded Total RNA-Seq Kit v2 Pico Input Mammalian,SMARTer RNA Unique Dual Index Kit -96U Set A,reverse,1,4,AGATCGGAAGAGCACACGTCTGAACTCCAGTCA,AGATCGGAAGAGCGTCGTGTAGGGAAAGAGTGT,false,101,,B12,U090,CGCTATGT,U090,GTGTCGGA
1,LUIN_31,LUIN_31,2021_155,CTGpool_0174,Other,NA,,6,rnaseq_total,SMARTer Stranded Total RNA-Seq Kit v2 Pico Input Mammalian,SMARTer RNA Unique Dual Index Kit -96U Set A,reverse,1,4,AGATCGGAAGAGCACACGTCTGAACTCCAGTCA,AGATCGGAAGAGCGTCGTGTAGGGAAAGAGTGT,false,101,,C12,U091,GTATGTTC,U091,TTCCTGTT
1,MAAK_03,MAAK_03,2021_155,CTGpool_0174,Mus musculus,NA,,7,rnaseq_total,SMARTer Stranded Total RNA-Seq Kit v2 Pico Input Mammalian,SMARTer RNA Unique Dual Index Kit -96U Set A,reverse,1,4,AGATCGGAAGAGCACACGTCTGAACTCCAGTCA,AGATCGGAAGAGCGTCGTGTAGGGAAAGAGTGT,false,101,,D12,U092,ACGCACCT,U092,CCTTCACC
1,MAIV_22,MAIV_22,2021_155,CTGpool_0174,Mus musculus,NA,,8,rnaseq_total,SMARTer Stranded Total RNA-Seq Kit v2 Pico Input Mammalian,SMARTer RNA Unique Dual Index Kit -96U Set A,reverse,1,4,AGATCGGAAGAGCACACGTCTGAACTCCAGTCA,AGATCGGAAGAGCGTCGTGTAGGGAAAGAGTGT,false,101,,E12,U093,TACTCATA,U093,GCCACAGG
1,MAIV_24,MAIV_24,2021_165,CTGpool_0174,Homo sapiens,NA,,9,rnaseq_total,SMARTer Stranded Total RNA-Seq Kit v2 Pico Input Mammalian,SMARTer RNA Unique Dual Index Kit -96U Set A,reverse,1,4,AGATCGGAAGAGCACACGTCTGAACTCCAGTCA,AGATCGGAAGAGCGTCGTGTAGGGAAAGAGTGT,false,101,,F12,U094,CGTCTGCG,U094,ATTGTGAA
